Title,Duration,Date,estRating,Series Title,Movie/Series
The Croods,5931,12/9/2020,48,,Movie
Part 1: And the Winner is...,2204,12/9/2020,49,Selena: The Series,Series
Part 1: Dame Un Beso,2222,12/5/2020,49,Selena: The Series,Series
Part 1: Daydream,2450,12/5/2020,49,Selena: The Series,Series
Season 1: Act of God,3490,11/29/2020,49,The Crown,Series
Season 1: Windsor,3592,11/29/2020,49,The Crown,Series
Season 1: Hyde Park Corner,3692,11/29/2020,49,The Crown,Series
Season 1: Wolferton Splash,3416,11/29/2020,49,The Crown,Series
Season 1: Zero Visibility: The Sharingan Shatters,1406,11/29/2020,49,Naruto,Series
"Season 1: The Number One Hyperactive, Knucklehead Ninja Joins the Fight!!",1404,11/29/2020,49,Naruto,Series
Season 1: Haku's Secret Jutsu: Crystal Ice Mirrors,1407,11/29/2020,49,Naruto,Series
Season 3: The Affair,1316,11/28/2020,49,Schitt's Creek,Series
Season 3: Motel Review,1316,11/28/2020,49,Schitt's Creek,Series
Season 3: General Store,1315,11/27/2020,49,Schitt's Creek,Series
Season 3: Murder Mystery,1315,11/27/2020,49,Schitt's Creek,Series
Book Three: Change: Venom of the Red Lotus,1372,11/27/2020,47,The Legend of Korra,Series
Book Three: Change: Enter the Void,1361,11/27/2020,47,The Legend of Korra,Series
Book Three: Change: The Ultimatum,1367,11/27/2020,47,The Legend of Korra,Series
Book Three: Change: Long Live the Queen,1373,11/27/2020,47,The Legend of Korra,Series
Book Three: Change: The Stakeout,1372,11/27/2020,47,The Legend of Korra,Series
Book Three: Change: The Terror Within,1373,11/27/2020,47,The Legend of Korra,Series
Book Three: Change: Original Airbenders,1375,11/27/2020,47,The Legend of Korra,Series
Book Three: Change: Old Wounds,1374,11/27/2020,47,The Legend of Korra,Series
Season 1: Case 1_1: Los Angeles Connection,1429,11/26/2020,47,Great Pretender,Series
The Indian in the Cupboard,5769,11/26/2020,30,,Movie
Ocean's Eleven,6990,11/25/2020,30,,Movie
The Devil All The Time,8332,11/25/2020,28,,Movie
The Help,8819,11/25/2020,38,,Movie
How to Train Your Dragon 2,6134,11/25/2020,38,,Movie
Boyz n the Hood,6720,11/25/2020,30,,Movie
Kevin Hart: Zero F**ks Given,4174,11/22/2020,40,,Movie
Season 3: Rooms by the Hour,1315,11/16/2020,49,Schitt's Creek,Series
Season 3: Driving Test,1315,11/16/2020,49,Schitt's Creek,Series
Season 3: New Car,1316,11/16/2020,49,Schitt's Creek,Series
Season 3: The Throuple,1316,11/16/2020,49,Schitt's Creek,Series
Season 3: Opening Night,1316,11/16/2020,49,Schitt's Creek,Series
Season 2: Happy Anniversary,1316,11/16/2020,49,Schitt's Creek,Series
Limited : Adjournment,3612,11/13/2020,49,The Queen's Gambit,Series
Limited : Fork,2892,11/13/2020,49,The Queen's Gambit,Series
Limited : Middle Game,2914,11/13/2020,49,The Queen's Gambit,Series
Limited : Openings,3552,11/13/2020,49,The Queen's Gambit,Series
Season 2: Lawn Signs,1317,11/12/2020,49,Schitt's Creek,Series
Season 2: The Motel Guest,1316,11/12/2020,49,Schitt's Creek,Series
Season 2: Ronnie's Party,1316,11/12/2020,49,Schitt's Creek,Series
Season 2: Moira's Nudes,1315,11/12/2020,49,Schitt's Creek,Series
Season 2: Milk Money,1318,11/12/2020,49,Schitt's Creek,Series
Season 2: The Candidate,1317,11/12/2020,49,Schitt's Creek,Series
Beowulf,6852,11/12/2020,27,,Movie
,0,11/12/2020,30,,Movie
,0,11/12/2020,30,,Movie
,0,11/12/2020,30,,Movie
,0,11/12/2020,30,,Movie
,0,11/12/2020,30,,Movie
,0,11/11/2020,30,,Movie
Season 3: Traveling Salesmen,1293,11/11/2020,50,The Office (U.S.),Series
Season 3: Back from Vacation,1276,11/11/2020,50,The Office (U.S.),Series
Season 3: A Benihana Christmas,2521,11/11/2020,50,The Office (U.S.),Series
"Season 4: You've Changed, Man",1325,11/10/2020,46,The Good Place,Series
Season 4: The Answer,1323,11/10/2020,46,The Good Place,Series
Season 4: The Funerals To End All Funerals,1323,11/10/2020,46,The Good Place,Series
Season 1: EPISODE.01 121045,1377,11/7/2020,44,The Promised Neverland,Series
Season 3: A Little Romance,1257,11/6/2020,48,Girlfriends,Series
Season 3: The Mommy Returns,1257,11/6/2020,48,Girlfriends,Series
Season 3: Handling Baggage,1258,11/6/2020,48,Girlfriends,Series
Limited : Doubled Pawns,2774,11/6/2020,49,The Queen's Gambit,Series
Limited : Exchanges,3912,11/5/2020,49,The Queen's Gambit,Series
Season 4: Help is Other People,1327,11/5/2020,46,The Good Place,Series
Season 4: A Chip Driver Mystery,1323,11/5/2020,46,The Good Place,Series
Season 1: The Fields of the Dead,2058,11/5/2020,37,Blood of Zeus,Series
Season 1: Back to Olympus,1938,11/5/2020,37,Blood of Zeus,Series
Season 2: A Full Court Conspiracy,1286,10/28/2020,48,Girlfriends,Series
Season 2: Just Say No,1286,10/28/2020,48,Girlfriends,Series
Season 2: The Fallout,1288,10/28/2020,48,Girlfriends,Series
Season 1: Jamaic-Up?,1315,10/28/2020,48,Girlfriends,Series
Book Three: Change: The Metal Clan,1370,10/27/2020,47,The Legend of Korra,Series
Book Three: Change: In Harm's Way,1361,10/27/2020,47,The Legend of Korra,Series
Book Three: Change: The Earth Queen,1367,10/27/2020,47,The Legend of Korra,Series
Book Three: Change: Rebirth,1361,10/23/2020,47,The Legend of Korra,Series
Book Three: Change: A Breath of Fresh Air,1376,10/23/2020,47,The Legend of Korra,Series
Book Two: Spirits: Light in the Dark,1435,10/23/2020,47,The Legend of Korra,Series
Book Two: Spirits: Darkness Falls,1432,10/23/2020,47,The Legend of Korra,Series
Season 1: Little Sister,1312,10/22/2020,49,Schitt's Creek,Series
Season 1: Honeymoon,1313,10/21/2020,49,Schitt's Creek,Series
Season 1: Carl's Funeral,1311,10/21/2020,49,Schitt's Creek,Series
Season 1: Allez-Vous,1312,10/21/2020,49,Schitt's Creek,Series
Season 1: Turkey Shoot,1313,10/21/2020,49,Schitt's Creek,Series
Season 1: Wine and Roses,1312,10/21/2020,49,Schitt's Creek,Series
Season 1: The Cabin,1312,10/21/2020,49,Schitt's Creek,Series
Season 1: The Drip,1315,10/21/2020,49,Schitt's Creek,Series
Book Two: Spirits: Harmonic Convergence,1422,10/18/2020,47,The Legend of Korra,Series
Book Two: Spirits: Night of a Thousand Stars,1429,10/18/2020,47,The Legend of Korra,Series
Season 1: Our Cup Runneth Over,1312,10/17/2020,49,Schitt's Creek,Series
Quest for Camelot,5141,10/8/2020,27,,Movie
The Take,5520,10/8/2020,32,,Movie
Book Two: Spirits: A New Spiritual Age,1433,10/7/2020,47,The Legend of Korra,Series
Book Two: Spirits: The Guide,1425,10/7/2020,47,The Legend of Korra,Series
Season 4: Employee of the Bearimy,1325,10/5/2020,46,The Good Place,Series
"Season 4: Tinker, Tailor, Demon, Spy",1325,10/5/2020,46,The Good Place,Series
Season 4: Chillaxing,1323,10/5/2020,46,The Good Place,Series
Season 4: A Girl From Arizona - Part 2,1325,10/5/2020,46,The Good Place,Series
Season 4: A Girl From Arizona - Part 1,1385,10/5/2020,46,The Good Place,Series
Season 3: Don't Let the Good Life Pass You By,1329,10/5/2020,46,The Good Place,Series
Season 3: The Worst Possible Use of Free Will,1329,10/5/2020,46,The Good Place,Series
Season 3: A Fractured Inheritance,1329,10/5/2020,46,The Good Place,Series
Season 3: The Ballad of Donkey Doug,1327,10/5/2020,46,The Good Place,Series
Season 1: Fried Turkey,1285,10/4/2020,48,Girlfriends,Series
Season 1: Pregnant Pause,1285,10/4/2020,48,Girlfriends,Series
Season 1: Everything Fishy Ain't Fish,1285,10/4/2020,48,Girlfriends,Series
Season 1: Departure x and x Friends,1411,9/28/2020,48,Hunter X Hunter (2011),Series
Episode 1,1499,9/28/2020,40,Kakegurui,Series
The Interview,6736,9/26/2020,30,,Movie
Sinister,6540,9/25/2020,30,,Movie
#Alive,5912,9/24/2020,34,,Movie
Season 1: Hip-Ocracy,1290,9/23/2020,48,Girlfriends,Series
Season 1: Girlfrenzy,1280,9/23/2020,48,Girlfriends,Series
Season 1: One Night Stand?,1287,9/23/2020,48,Girlfriends,Series
Season 1: Toe Sucking,1282,9/23/2020,48,Girlfriends,Series
Season 1: Mildred and Edmund,3545,9/23/2020,40,Ratched,Series
Season 1: The Bucket List,3507,9/23/2020,40,Ratched,Series
The Social Dilemma,5676,9/22/2020,42,,Movie
Season 1: Got No Strings,2757,9/21/2020,40,Ratched,Series
Season 1: The Dance,3722,9/21/2020,40,Ratched,Series
Part 1: Seek Those Who Fan Your Flames,3495,9/18/2020,30,The Get Down,Series
Season 5: Smithereens,4224,9/18/2020,39,Black Mirror,Series
Season 4: Claimed,2580,9/16/2020,49,The Walking Dead,Series
Season 4: Inmates,2584,9/16/2020,49,The Walking Dead,Series
Season 4: After,2574,9/16/2020,49,The Walking Dead,Series
Season 4: Too Far Gone,2584,9/16/2020,49,The Walking Dead,Series
Season 4: Dead Weight,2583,9/16/2020,49,The Walking Dead,Series
Season 4: Live Bait,2583,9/16/2020,49,The Walking Dead,Series
Season 4: Internment,2584,9/16/2020,49,The Walking Dead,Series
Season 3: Prey,2587,9/16/2020,49,The Walking Dead,Series
Terminator 3: Rise of the Machines,6536,9/6/2020,30,,Movie
Season 5: Striking Vipers,3720,9/6/2020,39,Black Mirror,Series
Haikyu!! II: Above,1426,9/6/2020,34,Haikyu!!,Series
Season 3: Arrow on the Doorpost,2587,9/6/2020,49,The Walking Dead,Series
Season 3: Clear,2587,9/6/2020,49,The Walking Dead,Series
Season 3: I Ain't a Judas,2586,9/6/2020,49,The Walking Dead,Series
Season 3: Home,2583,9/6/2020,49,The Walking Dead,Series
Season 3: The Suicide King,2586,9/6/2020,49,The Walking Dead,Series
Book Two: Spirits: Beginnings: Part 2,1435,9/6/2020,47,The Legend of Korra,Series
Book Two: Spirits: Beginnings: Part 1,1436,9/6/2020,47,The Legend of Korra,Series
Book Two: Spirits: The Sting,1424,9/6/2020,47,The Legend of Korra,Series
Book Two: Spirits: Peacekeepers,1426,9/4/2020,47,The Legend of Korra,Series
Book Two: Spirits: Civil Wars: Part 2,1382,9/4/2020,47,The Legend of Korra,Series
Project Power,6796,9/2/2020,43,,Movie
Book Two: Spirits: Civil Wars: Part 1,1424,8/31/2020,47,The Legend of Korra,Series
Book Two: Spirits: The Southern Lights,1421,8/31/2020,47,The Legend of Korra,Series
Season 1: Big Brother is a Prince!,1406,8/30/2020,23,Ouran High School Host Club,Series
Season 1: My Two Dads,1429,8/25/2020,16,Hoops,Series
Season 1: The Pilot,1503,8/25/2020,16,Hoops,Series
Book Two: Spirits: Rebel Spirit,1438,8/22/2020,47,The Legend of Korra,Series
Book One: Air: Endgame,1441,8/22/2020,47,The Legend of Korra,Series
Book One: Air: Skeletons in the Closet,1445,8/21/2020,47,The Legend of Korra,Series
Book One: Air: Turning the Tides,1429,8/21/2020,47,The Legend of Korra,Series
Nightcrawler,7054,8/21/2020,27,,Movie
Season 1: Crazy Handful of Nothin',2897,8/20/2020,20,Breaking Bad,Series
Season 1: Gray Matter,2889,8/20/2020,20,Breaking Bad,Series
Season 1: Cancer Man,2905,8/20/2020,20,Breaking Bad,Series
Book One: Air: Out of the Past,1438,8/20/2020,47,The Legend of Korra,Series
Book One: Air: When Extremes Meet,1433,8/19/2020,47,The Legend of Korra,Series
Book One: Air: The Aftermath,1437,8/18/2020,47,The Legend of Korra,Series
Book One: Air: And the Winner Is...,1441,8/18/2020,47,The Legend of Korra,Series
Book One: Air: The Spirit of Competition,1431,8/18/2020,47,The Legend of Korra,Series
Book One: Air: Welcome to Republic City,1435,8/18/2020,47,The Legend of Korra,Series
"Season 1: That Day: The Fall of Shiganshina, Part 2",1452,7/13/2020,30,Attack on Titan,Series
"Season 1: To You, After 2,000 Years: The Fall of Shiganshina, Part 1",1542,7/12/2020,30,Attack on Titan,Series
Season 6: Say Goodbye,2621,7/12/2020,45,How to Get Away With Murder,Series
Season 1: A New Hope,1505,7/12/2020,16,Japan Sinks: 2020,Series
"Season 1: Farewell, Tokyo",1543,7/12/2020,16,Japan Sinks: 2020,Series
Season 1: The Beginning of the End,1529,7/12/2020,16,Japan Sinks: 2020,Series
Book 3: Sozin's Comet,5556,6/26/2020,31,Avatar: The Last Airbender,Series
Book 3: The Ember Island Players,1475,6/26/2020,31,Avatar: The Last Airbender,Series
Book 3: The Southern Raiders,1461,6/26/2020,31,Avatar: The Last Airbender,Series
Book 2: The Desert,1478,6/8/2020,31,Avatar: The Last Airbender,Series
Book 2: The Library,1478,6/8/2020,31,Avatar: The Last Airbender,Series
Book 2: Bitter Work,1477,6/8/2020,31,Avatar: The Last Airbender,Series
Book 2: The Chase,1479,6/8/2020,31,Avatar: The Last Airbender,Series
Book 2: Zuko Alone,1477,6/8/2020,31,Avatar: The Last Airbender,Series
Book 2: The Blind Bandit,1478,6/8/2020,31,Avatar: The Last Airbender,Series
Book 2: Avatar Day,1477,6/8/2020,31,Avatar: The Last Airbender,Series
Book 2: The Swamp,1476,6/8/2020,31,Avatar: The Last Airbender,Series
Book 2: Return to Omashu,1473,6/8/2020,31,Avatar: The Last Airbender,Series
Book 2: The Cave of Two Lovers,1476,6/8/2020,31,Avatar: The Last Airbender,Series
Book 2: The Avatar State,1476,6/8/2020,31,Avatar: The Last Airbender,Series
Book 1: The Siege of the North: Part 2,1502,6/8/2020,31,Avatar: The Last Airbender,Series
Book 1: The Siege of the North: Part 1,1472,6/5/2020,31,Avatar: The Last Airbender,Series
Book 1: The Waterbending Master,1477,6/5/2020,31,Avatar: The Last Airbender,Series
Book 1: The Northern Air Temple,1465,6/5/2020,31,Avatar: The Last Airbender,Series
Book 1: The Deserter,1473,6/5/2020,31,Avatar: The Last Airbender,Series
Book 1: Bato of the Water Tribe,1474,6/5/2020,31,Avatar: The Last Airbender,Series
Book 1: The Storm,1477,6/5/2020,31,Avatar: The Last Airbender,Series
Season 1: Part 2: Defeat,1457,6/5/2020,46,BAKI,Series
Season 1: Part 2: The Centennial Tournament,1427,6/5/2020,46,BAKI,Series
Season 1: EDISON JAYMES,1660,6/5/2020,15,Space Force,Series
Uncut Gems,8098,6/5/2020,40,,Movie
Season 1: THE SPY,2092,6/5/2020,15,Space Force,Series
Season 1: Part 1: Synchronicity,1459,6/5/2020,46,BAKI,Series
Season 1: SPACE FLAG,1822,6/4/2020,15,Space Force,Series
Season 1: LUNAR HABITAT,1964,5/29/2020,15,Space Force,Series
Season 1: MARK AND MALLORY GO TO WASHINGTON,1828,5/29/2020,15,Space Force,Series
Season 1: SAVE EPSILON 6!,1932,5/29/2020,15,Space Force,Series
Season 1: THE LAUNCH,2206,5/29/2020,15,Space Force,Series
MFKZ,5675,5/21/2020,22,,Movie
Terminator Salvation,6873,5/21/2020,30,,Movie
Book 1: The Great Divide,1480,5/20/2020,31,Avatar: The Last Airbender,Series
Book 1: Jet,1466,5/16/2020,31,Avatar: The Last Airbender,Series
Book 1: The Boy in the Iceberg,1426,5/16/2020,31,Avatar: The Last Airbender,Series
Season 1: The Stranger,1357,5/16/2020,29,Parasyte: The Maxim,Series
Season 1: Tangled Hair,1356,5/16/2020,29,Parasyte: The Maxim,Series
Season 1: Symposium,1357,5/16/2020,29,Parasyte: The Maxim,Series
Season 1: The Devil in the Flesh,1357,5/16/2020,29,Parasyte: The Maxim,Series
Season 1: The Metamorphosis,1357,5/16/2020,29,Parasyte: The Maxim,Series
Season 1: The Soul Piper and the Mischievous Little Soul,1437,5/10/2020,28,InuYasha,Series
Season 1: The Terror of the Ancient Noh Mask,1437,5/10/2020,28,InuYasha,Series
Season 1: Phantom Showdown: The Thunder Brothers vs. Tetsusaiga,1433,5/10/2020,28,InuYasha,Series
"Season 1: Enter Shippo Plus, the Amazing Thunder Brothers!",1437,5/10/2020,28,InuYasha,Series
Season 1: The Toad Who Would Be Prince,1437,5/10/2020,28,InuYasha,Series
Season 1: Showdown! Inuyasha vs. Sesshomaru,1437,5/10/2020,28,InuYasha,Series
"Season 1: Tetsusaiga, the Phantom Sword",1433,5/10/2020,28,InuYasha,Series
"Season 1: Aristocratic Assassin, Sesshomaru",1429,5/9/2020,28,InuYasha,Series
Season 1: Yura of the Demon-Hair,1429,5/9/2020,28,InuYasha,Series
Season 1: Down the Rabbit Hole and Back Again,1427,5/9/2020,28,InuYasha,Series
Season 1: Seekers of the Sacred Jewel,1437,5/9/2020,28,InuYasha,Series
Season 1: Battle on the Bridge! Zabuza Returns!!,1406,5/9/2020,49,Naruto,Series
Season 1: Hooray for Hollywood,2735,5/9/2020,32,Hollywood,Series
Limited : Make America Exotic Again,2614,4/22/2020,30,"Tiger King: Murder, Mayhem and Madness",Series
Limited : Playing with Fire,2749,4/22/2020,30,"Tiger King: Murder, Mayhem and Madness",Series
Limited : The Secret,2809,4/22/2020,30,"Tiger King: Murder, Mayhem and Madness",Series
Limited : Cult of Personality,2837,4/21/2020,30,"Tiger King: Murder, Mayhem and Madness",Series
Season 1: Sweet Kicks,2612,4/20/2020,48,Lucifer,Series
Limited : Not Your Average Joe,2927,4/11/2020,30,"Tiger King: Murder, Mayhem and Madness",Series
Limited : Part 4,3242,4/7/2020,19,Unorthodox,Series
The Matrix Reloaded,8280,4/6/2020,30,,Movie
Season 2: Episode 2,2392,3/25/2020,28,Kingdom,Series
Season 2: Episode 1,3143,3/25/2020,28,Kingdom,Series
Season 3: Jeremy Bearimy,1327,3/25/2020,46,The Good Place,Series
Season 1: Episode 6,2635,3/22/2020,28,Kingdom,Series
Season 1: Episode 5,3157,3/22/2020,28,Kingdom,Series
The Incredibles 2,7068,3/22/2020,30,,Movie
Season 1: It Hunts Us,3157,3/22/2020,18,Pandemic: How to Prevent an Outbreak,Series
Season 1: What Makes Us Attractive?,2290,3/22/2020,24,100 Humans,Series
Volume 1: THE SECRET WAR,996,3/22/2020,16,"Love, Death & Robots",Series
Volume 1: ALTERNATE HISTORIES,486,3/22/2020,16,"Love, Death & Robots",Series
Volume 1: BEYOND THE AQUILA RIFT,1008,3/22/2020,16,"Love, Death & Robots",Series
Limited : Windmills,2835,3/22/2020,15,Maniac,Series
Limited : The Chosen One!,2472,3/22/2020,15,Maniac,Series
Season 1: Episode 4,2787,3/22/2020,28,Kingdom,Series
Season 1: Episode 3,3333,3/21/2020,28,Kingdom,Series
Season 1: Episode 1,3415,3/21/2020,28,Kingdom,Series
Season 3: The Snowplow,1333,3/20/2020,46,The Good Place,Series
Season 3: The Brainy Bunch,1335,3/20/2020,46,The Good Place,Series
Season 3: Everything is Bonzer,2626,3/20/2020,46,The Good Place,Series
Season 1: In the Storm's Wake,1409,3/20/2020,26,BEASTARS,Series
Season 2: Somewhere Else,1331,3/17/2020,46,The Good Place,Series
Always Be My Maybe,6142,3/12/2020,27,,Movie
Season 1: What's My Motivation,1341,3/10/2020,46,The Good Place,Series
Season 1: Chidi's Choice,1343,3/10/2020,46,The Good Place,Series
Season 1: ...Someone Like Me as a Member,1343,3/10/2020,46,The Good Place,Series
Season 1: Most Improved Player,1339,3/9/2020,46,The Good Place,Series
Season 3: The Convict,1277,3/6/2020,50,The Office (U.S.),Series
Season 3: The Merger,1790,3/6/2020,50,The Office (U.S.),Series
Season 3: Branch Closing,1819,3/6/2020,50,The Office (U.S.),Series
Season 1: Everything Is Fine,1423,3/6/2020,46,The Good Place,Series
Volume 1: LUCKY 13,902,3/5/2020,16,"Love, Death & Robots",Series
The Other Guys,6452,2/23/2020,16,,Movie
Avengers: Infinity War,8985,2/20/2020,30,,Movie
Inglourious Basterds,9180,2/15/2020,30,,Movie
Inception,8884,2/7/2020,30,,Movie
Season 3: Hated in the Nation,5382,2/6/2020,39,Black Mirror,Series
Season 3: Men Against Fire,3628,2/6/2020,39,Black Mirror,Series
Volume 1: ICE AGE,644,2/2/2020,16,"Love, Death & Robots",Series
Volume 1: ZIMA BLUE,636,2/2/2020,16,"Love, Death & Robots",Series
Volume 1: GOOD HUNTING,1046,2/2/2020,16,"Love, Death & Robots",Series
Burning Sands,6142,1/27/2020,16,,Movie
Season 1: Pilot,2884,1/22/2020,48,You,Series
Season 2: Episode 8,1184,1/22/2020,19,The End of the F***ing World,Series
Black Panther,8100,1/21/2020,30,,Movie
Season 2: Episode 7,1478,1/20/2020,19,The End of the F***ing World,Series
Season 2: Episode 6,1142,1/20/2020,19,The End of the F***ing World,Series
Season 2: Episode 5,1322,1/20/2020,19,The End of the F***ing World,Series
Season 1: Episode 1,3142,1/20/2020,41,Sex Education,Series
Season 2: Episode 4,1482,1/19/2020,19,The End of the F***ing World,Series
Season 2: Episode 3,1348,1/18/2020,19,The End of the F***ing World,Series
Season 4: The Chair Model,1304,1/17/2020,50,The Office (U.S.),Series
Season 4: Dinner Party,1338,1/17/2020,50,The Office (U.S.),Series
Season 4: The Deposition,1293,1/17/2020,50,The Office (U.S.),Series
Season 4: Survivor Man,1278,1/17/2020,50,The Office (U.S.),Series
Season 4: Branch Wars,1310,1/17/2020,50,The Office (U.S.),Series
Season 4: Local Ad,1297,1/17/2020,50,The Office (U.S.),Series
Season 2: Episode 2,1194,1/13/2020,19,The End of the F***ing World,Series
Volume 1: WHEN THE YOGURT TOOK OVER,394,1/13/2020,16,"Love, Death & Robots",Series
Volume 1: SUITS,1054,1/13/2020,16,"Love, Death & Robots",Series
Volume 1: THE WITNESS,740,1/13/2020,16,"Love, Death & Robots",Series
Ip Man,6393,1/12/2020,29,,Movie
Season 2: Episode 1,1504,1/9/2020,19,The End of the F***ing World,Series
Marriage Story,8218,1/9/2020,28,,Movie
The King,8430,1/6/2020,31,,Movie
Season 1: The End's Beginning,3664,1/6/2020,47,The Witcher,Series
The Bros,6129,12/23/2019,16,,Movie
